<?xml version="1.0" encoding="UTF-8"?>
<p:beans default-autowire="byType"
 xmlns:p="http://www.springframework.org/schema/beans"
  xmlns:xsi="http://www.w3.org/2001/XMLSchema-instance" 
  xsi:schemaLocation="http://www.springframework.org/schema/beans spring-beans-3.2.xsd ">

	<!-- EmployeeService and add Transaction Support through AOP -->
	
	<p:bean id="empSer" class="com.valtech.training.spring.service.EmployeeServiceImpl"></p:bean>

	<!-- Register Database  -->
	<p:bean class = "org.apache.tomcat.dbcp.dbcp2.BasicDataSource">
		<p:property name="driverClassName" value="com.mysql.jdbc.Driver"></p:property>
		<p:property name="url" value="jdbc:mysql://localhost:3306/valtechoct2023?useSSL=false"></p:property>
		<p:property name="username" value="root"></p:property>
		<p:property name="password" value="root"></p:property>
		
		
	</p:bean>
	
	<!-- Session factory -->
	<p:bean class="org.springframework.orm.hibernate3.annotation.AnnotationSessionFactoryBean">
		<p:property name="annotatedClasses">
			<p:list>
				<p:value>com.valtech.training.hibernate.Employee</p:value>
				<p:value></p:value>
			</p:list>
		</p:property>	
	</p:bean>
	
	<!-- EmployeeDao -->
	<p:bean class="com.valtech.training.spring.dao.EmployeeDAOImpl"></p:bean>
	
	
	


</p:beans>
